{"v":"5.1.2","fr":60,"ip":0,"op":3600,"w":228,"h":228,"nm":"delete","ddd":0,"assets":[],"layers":[{"ddd":0,"ind":1,"ty":4,"nm":"bin2 Outlines","sr":1,"ks":{"o":{"a":0,"k":100,"ix":11},"r":{"a":0,"k":0,"ix":10},"p":{"a":0,"k":[114,94,0],"ix":2},"a":{"a":0,"k":[256,256,0],"ix":1},"s":{"a":1,"k":[{"i":{"x":[0.833,0.833,0.833],"y":[0.872,0.872,-0.667]},"o":{"x":[0.333,0.333,0.333],"y":[0,0,0]},"n":["0p833_0p872_0p333_0","0p833_0p872_0p333_0","0p833_-0p667_0p333_0"],"t":0,"s":[0,0,100],"e":[100,100,100]},{"i":{"x":[0.667,0.667,0.667],"y":[1,1,1]},"o":{"x":[0.167,0.167,0.167],"y":[0.426,0.426,0.833]},"n":["0p667_1_0p167_0p426","0p667_1_0p167_0p426","0p667_1_0p167_0p833"],"t":10,"s":[100,100,100],"e":[115,115,100]},{"i":{"x":[0.667,0.667,0.667],"y":[1,1,1]},"o":{"x":[0.333,0.333,0.333],"y":[0,0,0]},"n":["0p667_1_0p333_0","0p667_1_0p333_0","0p667_1_0p333_0"],"t":15,"s":[115,115,100],"e":[100,100,100]},{"t":25}],"ix":6}},"ao":0,"shapes":[{"ty":"gr","it":[{"ind":0,"ty":"sh","ix":1,"ks":{"a":0,"k":{"i":[[0,0],[0,0],[-3.112,0],[0,0],[-0.269,3.1],[0,0]],"o":[[0,0],[0.269,3.1],[0,0],[3.113,0],[0,0],[0,0]],"v":[[-27,-34.5],[-21.476,29.02],[-15.499,34.5],[15.499,34.5],[21.476,29.02],[27,-34.5]],"c":true},"ix":2},"nm":"Path 1","mn":"ADBE Vector Shape - Group","hd":false},{"ind":1,"ty":"sh","ix":2,"ks":{"a":0,"k":{"i":[[0,1.057],[-1.884,32.041],[-1.107,0],[0,-1.057],[1.885,-32.041],[1.107,0]],"o":[[0,-0.038],[0.065,-1.105],[1.057,0],[0,0.038],[-0.065,1.105],[-1.058,0]],"v":[[8.586,23.086],[11.413,-25.032],[13.5,-27],[15.414,-25.086],[12.587,23.032],[10.5,25]],"c":true},"ix":2},"nm":"Path 2","mn":"ADBE Vector Shape - Group","hd":false},{"ind":2,"ty":"sh","ix":3,"ks":{"a":0,"k":{"i":[[0,1.105],[0,0],[-1.105,0],[0,-1.105],[0,0],[1.105,0]],"o":[[0,0],[0,-1.105],[1.105,0],[0,0],[0,1.105],[-1.105,0]],"v":[[-2,23],[-2,-25],[0,-27],[2,-25],[2,23],[0,25]],"c":true},"ix":2},"nm":"Path 3","mn":"ADBE Vector Shape - Group","hd":false},{"ind":3,"ty":"sh","ix":4,"ks":{"a":0,"k":{"i":[[0.065,1.105],[0,0],[-1.057,0],[-0.066,-1.105],[0,0],[1.057,0]],"o":[[0,0],[-0.004,-1.17],[1.107,0],[0,0],[0.004,1.17],[-1.107,0]],"v":[[-12.587,23.032],[-15.411,-24.973],[-13.5,-27],[-11.412,-25.032],[-8.589,22.973],[-10.5,25]],"c":true},"ix":2},"nm":"Path 4","mn":"ADBE Vector Shape - Group","hd":false},{"ty":"mm","mm":1,"nm":"Merge Paths 1","mn":"ADBE Vector Filter - Merge","hd":false},{"ty":"fl","c":{"a":0,"k":[1,1,1,1],"ix":4},"o":{"a":0,"k":100,"ix":5},"r":1,"nm":"Fill 1","mn":"ADBE Vector Graphic - Fill","hd":false},{"ty":"tr","p":{"a":0,"k":[256,256.5],"ix":2},"a":{"a":0,"k":[0,0],"ix":1},"s":{"a":0,"k":[100,100],"ix":3},"r":{"a":0,"k":0,"ix":6},"o":{"a":0,"k":100,"ix":7},"sk":{"a":0,"k":0,"ix":4},"sa":{"a":0,"k":0,"ix":5},"nm":"Transform"}],"nm":"Group 1","np":6,"cix":2,"ix":1,"mn":"ADBE Vector Group","hd":false}],"ip":0,"op":3600,"st":0,"bm":0},{"ddd":0,"ind":2,"ty":4,"nm":"bin1 Outlines","parent":1,"sr":1,"ks":{"o":{"a":0,"k":100,"ix":11},"r":{"a":1,"k":[{"i":{"x":[0.833],"y":[0.833]},"o":{"x":[0.167],"y":[0.167]},"n":["0p833_0p833_0p167_0p167"],"t":0,"s":[45],"e":[0]},{"t":15}],"ix":10},"p":{"a":1,"k":[{"i":{"x":0.833,"y":0.833},"o":{"x":0.167,"y":0.167},"n":"0p833_0p833_0p167_0p167","t":0,"s":[270,180,0],"e":[256,211.923,0],"to":[-2.33333325386047,5.32055473327637,0],"ti":[2.33333325386047,-5.32055473327637,0]},{"t":15}],"ix":2},"a":{"a":0,"k":[256,256,0],"ix":1},"s":{"a":1,"k":[{"i":{"x":[0.833,0.833,0.833],"y":[0.833,0.833,0.833]},"o":{"x":[0.167,0.167,0.167],"y":[0.167,0.167,0.167]},"n":["0p833_0p833_0p167_0p167","0p833_0p833_0p167_0p167","0p833_0p833_0p167_0p167"],"t":0,"s":[100,100,100],"e":[100,100,100]},{"i":{"x":[0.833,0.833,0.833],"y":[0.833,0.833,0.833]},"o":{"x":[0.167,0.167,0.167],"y":[0.167,0.167,0.167]},"n":["0p833_0p833_0p167_0p167","0p833_0p833_0p167_0p167","0p833_0p833_0p167_0p167"],"t":10,"s":[100,100,100],"e":[115,115,100]},{"i":{"x":[0.833,0.833,0.833],"y":[0.833,0.833,0.833]},"o":{"x":[0.167,0.167,0.167],"y":[0.167,0.167,0.167]},"n":["0p833_0p833_0p167_0p167","0p833_0p833_0p167_0p167","0p833_0p833_0p167_0p167"],"t":15,"s":[115,115,100],"e":[100,100,100]},{"t":25}],"ix":6}},"ao":0,"shapes":[{"ty":"gr","it":[{"ind":0,"ty":"sh","ix":1,"ks":{"a":0,"k":{"i":[[0,0],[0.542,-0.903],[0,0],[0,0],[0,-3.314],[0,0],[3.314,0],[0,0],[0,0],[1.054,0]],"o":[[-1.054,0],[0,0],[0,0],[-3.314,0],[0,0],[0,-3.314],[0,0],[0,0],[-0.542,-0.903],[0,0]],"v":[[-7.301,-6],[-9.874,-4.544],[-12.6,0],[-24,0],[-30,6],[30,6],[24,0],[12.6,0],[9.874,-4.544],[7.301,-6]],"c":true},"ix":2},"nm":"Path 1","mn":"ADBE Vector Shape - Group","hd":false},{"ty":"fl","c":{"a":0,"k":[1,1,1,1],"ix":4},"o":{"a":0,"k":100,"ix":5},"r":1,"nm":"Fill 1","mn":"ADBE Vector Graphic - Fill","hd":false},{"ty":"tr","p":{"a":0,"k":[256,256],"ix":2},"a":{"a":0,"k":[0,0],"ix":1},"s":{"a":0,"k":[100,100],"ix":3},"r":{"a":0,"k":0,"ix":6},"o":{"a":0,"k":100,"ix":7},"sk":{"a":0,"k":0,"ix":4},"sa":{"a":0,"k":0,"ix":5},"nm":"Transform"}],"nm":"Group 1","np":2,"cix":2,"ix":1,"mn":"ADBE Vector Group","hd":false}],"ip":-130,"op":3600,"st":0,"bm":0}],"markers":[]}