{"v":"5.1.2","fr":60,"ip":0,"op":3600,"w":228,"h":228,"nm":"unmute","ddd":0,"assets":[],"layers":[{"ddd":0,"ind":1,"ty":4,"nm":"vol1 Outlines","sr":1,"ks":{"o":{"a":0,"k":100,"ix":11},"r":{"a":0,"k":0,"ix":10},"p":{"a":1,"k":[{"i":{"x":0.833,"y":0.833},"o":{"x":0.167,"y":0.167},"n":"0p833_0p833_0p167_0p167","t":0,"s":[120,90,0],"e":[131,90,0],"to":[1.83333337306976,0,0],"ti":[-1.83333337306976,0,0]},{"t":10}],"ix":2},"a":{"a":0,"k":[256,256,0],"ix":1},"s":{"a":1,"k":[{"i":{"x":[0.833,0.833,0.833],"y":[0.872,0.872,-11.778]},"o":{"x":[0.333,0.333,0.333],"y":[0,0,0]},"n":["0p833_0p872_0p333_0","0p833_0p872_0p333_0","0p833_-11p778_0p333_0"],"t":0,"s":[0,0,100],"e":[100,100,100]},{"i":{"x":[0.667,0.667,0.667],"y":[1,1,1]},"o":{"x":[0.167,0.167,0.167],"y":[0.426,0.426,6.389]},"n":["0p667_1_0p167_0p426","0p667_1_0p167_0p426","0p667_1_0p167_6p389"],"t":10,"s":[100,100,100],"e":[115,115,100]},{"i":{"x":[0.667,0.667,0.667],"y":[1,1,1]},"o":{"x":[0.333,0.333,0.333],"y":[0,0,0]},"n":["0p667_1_0p333_0","0p667_1_0p333_0","0p667_1_0p333_0"],"t":15,"s":[115,115,100],"e":[100,100,100]},{"t":25}],"ix":6}},"ao":0,"shapes":[{"ty":"gr","it":[{"ind":0,"ty":"sh","ix":1,"ks":{"a":0,"k":{"i":[[0.577,-0.531],[0.016,-0.789],[0,0],[-0.516,-0.561],[0,-5.477],[4.174,-4.561],[0.014,-0.704],[0,0],[-0.631,-0.578],[-1.119,1.223],[0,7.023],[5.163,5.605],[0.809,0]],"o":[[-0.627,0.576],[0,0],[0.015,0.706],[4.17,4.526],[0,5.479],[-0.513,0.56],[0,0],[0.016,0.793],[1.222,1.118],[5.16,-5.636],[0,-7.025],[-0.592,-0.641],[-0.726,0]],"v":[[-5.533,-19.371],[-6.5,-17.224],[-6.5,-17.104],[-5.707,-15.133],[0.5,-0.19],[-5.713,14.81],[-6.5,16.777],[-6.5,16.892],[-5.526,19.048],[-1.287,18.859],[6.5,-0.19],[-1.293,-19.198],[-3.501,-20.165]],"c":true},"ix":2},"nm":"Path 1","mn":"ADBE Vector Shape - Group","hd":false},{"ty":"fl","c":{"a":0,"k":[1,1,1,1],"ix":4},"o":{"a":0,"k":100,"ix":5},"r":1,"nm":"Fill 1","mn":"ADBE Vector Graphic - Fill","hd":false},{"ty":"tr","p":{"a":0,"k":[255.5,256.165],"ix":2},"a":{"a":0,"k":[0,0],"ix":1},"s":{"a":0,"k":[100,100],"ix":3},"r":{"a":0,"k":0,"ix":6},"o":{"a":0,"k":100,"ix":7},"sk":{"a":0,"k":0,"ix":4},"sa":{"a":0,"k":0,"ix":5},"nm":"Transform"}],"nm":"Group 1","np":2,"cix":2,"ix":1,"mn":"ADBE Vector Group","hd":false}],"ip":0,"op":3600,"st":0,"bm":0},{"ddd":0,"ind":2,"ty":4,"nm":"vol2 Outlines","sr":1,"ks":{"o":{"a":0,"k":100,"ix":11},"r":{"a":0,"k":0,"ix":10},"p":{"a":1,"k":[{"i":{"x":0.833,"y":0.833},"o":{"x":0.167,"y":0.167},"n":"0p833_0p833_0p167_0p167","t":2,"s":[120,90,0],"e":[146,90,0],"to":[4.33333349227905,0,0],"ti":[-4.33333349227905,0,0]},{"t":12}],"ix":2},"a":{"a":0,"k":[256,256,0],"ix":1},"s":{"a":1,"k":[{"i":{"x":[0.833,0.833,0.833],"y":[0.872,0.872,-11.778]},"o":{"x":[0.333,0.333,0.333],"y":[0,0,0]},"n":["0p833_0p872_0p333_0","0p833_0p872_0p333_0","0p833_-11p778_0p333_0"],"t":2,"s":[0,0,100],"e":[100,100,100]},{"i":{"x":[0.667,0.667,0.667],"y":[1,1,1]},"o":{"x":[0.167,0.167,0.167],"y":[0.426,0.426,6.389]},"n":["0p667_1_0p167_0p426","0p667_1_0p167_0p426","0p667_1_0p167_6p389"],"t":12,"s":[100,100,100],"e":[115,115,100]},{"i":{"x":[0.667,0.667,0.667],"y":[1,1,1]},"o":{"x":[0.333,0.333,0.333],"y":[0,0,0]},"n":["0p667_1_0p333_0","0p667_1_0p333_0","0p667_1_0p333_0"],"t":17,"s":[115,115,100],"e":[100,100,100]},{"t":27}],"ix":6}},"ao":0,"shapes":[{"ty":"gr","it":[{"ind":0,"ty":"sh","ix":1,"ks":{"a":0,"k":{"i":[[0.56,-0.468],[-1.06,-1.273],[0,-8.078],[6.916,-8.351],[-1.276,-1.057],[-1.057,1.275],[0,9.591],[7.755,9.312],[0.861,0]],"o":[[-1.274,1.06],[6.912,8.299],[0,8.082],[-1.057,1.276],[1.276,1.056],[7.751,-9.362],[0,-9.592],[-0.593,-0.713],[-0.675,0]],"v":[[-7.235,-28.988],[-7.622,-24.763],[2.684,-0.221],[-7.627,24.404],[-7.229,28.628],[-3.005,28.23],[8.684,-0.221],[-3.011,-28.603],[-5.319,-29.684]],"c":true},"ix":2},"nm":"Path 1","mn":"ADBE Vector Shape - Group","hd":false},{"ty":"fl","c":{"a":0,"k":[1,1,1,1],"ix":4},"o":{"a":0,"k":100,"ix":5},"r":1,"nm":"Fill 1","mn":"ADBE Vector Graphic - Fill","hd":false},{"ty":"tr","p":{"a":0,"k":[255.316,256.684],"ix":2},"a":{"a":0,"k":[0,0],"ix":1},"s":{"a":0,"k":[100,100],"ix":3},"r":{"a":0,"k":0,"ix":6},"o":{"a":0,"k":100,"ix":7},"sk":{"a":0,"k":0,"ix":4},"sa":{"a":0,"k":0,"ix":5},"nm":"Transform"}],"nm":"Group 1","np":2,"cix":2,"ix":1,"mn":"ADBE Vector Group","hd":false}],"ip":0,"op":3600,"st":0,"bm":0},{"ddd":0,"ind":3,"ty":4,"nm":"vol3 Outlines","sr":1,"ks":{"o":{"a":0,"k":100,"ix":11},"r":{"a":0,"k":0,"ix":10},"p":{"a":1,"k":[{"i":{"x":0.833,"y":0.833},"o":{"x":0.167,"y":0.167},"n":"0p833_0p833_0p167_0p167","t":4,"s":[120,89.062,0],"e":[162,89.062,0],"to":[7,0,0],"ti":[-7,0,0]},{"t":14}],"ix":2},"a":{"a":0,"k":[256,256,0],"ix":1},"s":{"a":1,"k":[{"i":{"x":[0.833,0.833,0.833],"y":[0.872,0.872,-11.778]},"o":{"x":[0.333,0.333,0.333],"y":[0,0,0]},"n":["0p833_0p872_0p333_0","0p833_0p872_0p333_0","0p833_-11p778_0p333_0"],"t":4,"s":[0,0,100],"e":[100,100,100]},{"i":{"x":[0.667,0.667,0.667],"y":[1,1,1]},"o":{"x":[0.167,0.167,0.167],"y":[0.426,0.426,6.389]},"n":["0p667_1_0p167_0p426","0p667_1_0p167_0p426","0p667_1_0p167_6p389"],"t":14,"s":[100,100,100],"e":[115,115,100]},{"i":{"x":[0.667,0.667,0.667],"y":[1,1,1]},"o":{"x":[0.333,0.333,0.333],"y":[0,0,0]},"n":["0p667_1_0p333_0","0p667_1_0p333_0","0p667_1_0p333_0"],"t":19,"s":[115,115,100],"e":[100,100,100]},{"t":29}],"ix":6}},"ao":0,"shapes":[{"ty":"gr","it":[{"ind":0,"ty":"sh","ix":1,"ks":{"a":0,"k":{"i":[[0.563,-0.475],[-1.067,-1.267],[0,-12.342],[9.568,-11.435],[-1.27,-1.063],[-0.665,-0.01],[0,0],[-0.582,0.697],[0,13.826],[10.437,12.396],[0.855,0]],"o":[[-1.268,1.066],[9.564,11.36],[0,12.345],[-1.063,1.271],[0.549,0.459],[0,0],[0.842,-0.013],[10.432,-12.468],[0,-13.827],[-0.593,-0.705],[-0.683,0]],"v":[[-9.25,-39.794],[-9.613,-35.568],[4.682,-0.056],[-9.619,35.575],[-9.243,39.801],[-7.364,40.5],[-7.274,40.5],[-5.017,39.425],[10.682,-0.056],[-5.024,-39.432],[-7.319,-40.5]],"c":true},"ix":2},"nm":"Path 1","mn":"ADBE Vector Shape - Group","hd":false},{"ty":"fl","c":{"a":0,"k":[1,1,1,1],"ix":4},"o":{"a":0,"k":100,"ix":5},"r":1,"nm":"Fill 1","mn":"ADBE Vector Graphic - Fill","hd":false},{"ty":"tr","p":{"a":0,"k":[255.318,256.5],"ix":2},"a":{"a":0,"k":[0,0],"ix":1},"s":{"a":0,"k":[100,100],"ix":3},"r":{"a":0,"k":0,"ix":6},"o":{"a":0,"k":100,"ix":7},"sk":{"a":0,"k":0,"ix":4},"sa":{"a":0,"k":0,"ix":5},"nm":"Transform"}],"nm":"Group 1","np":2,"cix":2,"ix":1,"mn":"ADBE Vector Group","hd":false}],"ip":0,"op":3600,"st":0,"bm":0},{"ddd":0,"ind":4,"ty":4,"nm":"mute Outlines","sr":1,"ks":{"o":{"a":0,"k":100,"ix":11},"r":{"a":0,"k":0,"ix":10},"p":{"a":1,"k":[{"i":{"x":0.833,"y":0.833},"o":{"x":0.167,"y":0.167},"n":"0p833_0p833_0p167_0p167","t":0,"s":[100,88.781,0],"e":[85,88.781,0],"to":[-2.5,0,0],"ti":[2.5,0,0]},{"t":10}],"ix":2},"a":{"a":0,"k":[256,256,0],"ix":1},"s":{"a":1,"k":[{"i":{"x":[0.833,0.833,0.833],"y":[0.872,0.872,-11.778]},"o":{"x":[0.333,0.333,0.333],"y":[0,0,0]},"n":["0p833_0p872_0p333_0","0p833_0p872_0p333_0","0p833_-11p778_0p333_0"],"t":0,"s":[0,0,100],"e":[100,100,100]},{"i":{"x":[0.667,0.667,0.667],"y":[1,1,1]},"o":{"x":[0.167,0.167,0.167],"y":[0.426,0.426,6.389]},"n":["0p667_1_0p167_0p426","0p667_1_0p167_0p426","0p667_1_0p167_6p389"],"t":10,"s":[100,100,100],"e":[115,115,100]},{"i":{"x":[0.667,0.667,0.667],"y":[1,1,1]},"o":{"x":[0.333,0.333,0.333],"y":[0,0,0]},"n":["0p667_1_0p333_0","0p667_1_0p333_0","0p667_1_0p333_0"],"t":15,"s":[115,115,100],"e":[100,100,100]},{"t":25}],"ix":6}},"ao":0,"shapes":[{"ty":"gr","it":[{"ind":0,"ty":"sh","ix":1,"ks":{"a":0,"k":{"i":[[0.995,-0.904],[0,0],[0.746,0],[0,0],[0,-3.866],[0,0],[-3.866,0],[0,0],[-0.552,-0.503],[0,0],[-2.006,2.207],[0,1.343],[0,0],[2.982,0]],"o":[[0,0],[-0.552,0.502],[0,0],[-3.866,0],[0,0],[0,3.866],[0,0],[0.746,0],[0,0],[2.207,2.007],[0.903,-0.995],[0,0],[0,-2.982],[-1.343,0]],"v":[[16.967,-36.589],[-6.142,-15.581],[-8.16,-14.801],[-19,-14.801],[-26,-7.801],[-26,7.199],[-19,14.199],[-8.16,14.199],[-6.142,14.98],[16.967,35.987],[24.596,35.625],[26,31.992],[26,-32.594],[20.6,-37.994]],"c":true},"ix":2},"nm":"Path 1","mn":"ADBE Vector Shape - Group","hd":false},{"ty":"fl","c":{"a":0,"k":[1,1,1,1],"ix":4},"o":{"a":0,"k":100,"ix":5},"r":1,"nm":"Fill 1","mn":"ADBE Vector Graphic - Fill","hd":false},{"ty":"tr","p":{"a":0,"k":[256,256.994],"ix":2},"a":{"a":0,"k":[0,0],"ix":1},"s":{"a":0,"k":[100,100],"ix":3},"r":{"a":0,"k":0,"ix":6},"o":{"a":0,"k":100,"ix":7},"sk":{"a":0,"k":0,"ix":4},"sa":{"a":0,"k":0,"ix":5},"nm":"Transform"}],"nm":"Group 1","np":2,"cix":2,"ix":1,"mn":"ADBE Vector Group","hd":false}],"ip":0,"op":3600,"st":0,"bm":0}],"markers":[]}