{"v":"5.1.2","fr":60,"ip":0,"op":3600,"w":228,"h":228,"nm":"mute","ddd":0,"assets":[],"layers":[{"ddd":0,"ind":1,"ty":4,"nm":"un Outlines","sr":1,"ks":{"o":{"a":0,"k":100,"ix":11},"r":{"a":0,"k":0,"ix":10},"p":{"a":0,"k":[117.875,88.875,0],"ix":2},"a":{"a":0,"k":[256,256,0],"ix":1},"s":{"a":1,"k":[{"i":{"x":[0.833,0.833,0.833],"y":[0.863,0.863,-0.19]},"o":{"x":[0.333,0.333,0.333],"y":[0,0,0]},"n":["0p833_0p863_0p333_0","0p833_0p863_0p333_0","0p833_-0p19_0p333_0"],"t":0,"s":[0,0,100],"e":[100,100,100]},{"i":{"x":[0.667,0.667,0.667],"y":[1,1,1]},"o":{"x":[0.167,0.167,0.167],"y":[0.365,0.365,0.476]},"n":["0p667_1_0p167_0p365","0p667_1_0p167_0p365","0p667_1_0p167_0p476"],"t":10,"s":[100,100,100],"e":[115,115,100]},{"i":{"x":[0.667,0.667,0.667],"y":[1,1,1]},"o":{"x":[0.333,0.333,0.333],"y":[0,0,0]},"n":["0p667_1_0p333_0","0p667_1_0p333_0","0p667_1_0p333_0"],"t":14,"s":[115,115,100],"e":[100,100,100]},{"t":25}],"ix":6}},"ao":0,"shapes":[{"ty":"gr","it":[{"ind":0,"ty":"sh","ix":1,"ks":{"a":1,"k":[{"i":{"x":0.833,"y":0.833},"o":{"x":0.167,"y":0.167},"n":"0p833_0p833_0p167_0p167","t":5,"s":[{"i":[[0,0],[0,0]],"o":[[0,0],[0,0]],"v":[[-34,-34],[-33.992,-34]],"c":false}],"e":[{"i":[[0,0],[0,0]],"o":[[0,0],[0,0]],"v":[[-34,-34],[34,34]],"c":false}]},{"t":15}],"ix":2,"x":"var $bm_rt;\n$bm_rt = content('Group 1').content('Path 1').path;"},"nm":"Path 1","mn":"ADBE Vector Shape - Group","hd":false},{"ty":"st","c":{"a":0,"k":[1,1,1,1],"ix":3},"o":{"a":0,"k":100,"ix":4},"w":{"a":0,"k":6,"ix":5},"lc":2,"lj":1,"ml":10,"nm":"Stroke 2","mn":"ADBE Vector Graphic - Stroke","hd":false},{"ty":"st","c":{"a":0,"k":[1,0.584313750267,0,1],"ix":3},"o":{"a":0,"k":100,"ix":4},"w":{"a":0,"k":15,"ix":5},"lc":2,"lj":1,"ml":10,"nm":"Stroke 1","mn":"ADBE Vector Graphic - Stroke","hd":false},{"ty":"tr","p":{"a":0,"k":[256,256],"ix":2},"a":{"a":0,"k":[0,0],"ix":1},"s":{"a":0,"k":[100,100],"ix":3},"r":{"a":0,"k":0,"ix":6},"o":{"a":0,"k":100,"ix":7},"sk":{"a":0,"k":0,"ix":4},"sa":{"a":0,"k":0,"ix":5},"nm":"Transform"}],"nm":"Group 1","np":3,"cix":2,"ix":1,"mn":"ADBE Vector Group","hd":false}],"ip":0,"op":3600,"st":0,"bm":0},{"ddd":0,"ind":2,"ty":4,"nm":"mute Outlines","sr":1,"ks":{"o":{"a":0,"k":100,"ix":11},"r":{"a":0,"k":0,"ix":10},"p":{"a":0,"k":[111,88.781,0],"ix":2},"a":{"a":0,"k":[256,256,0],"ix":1},"s":{"a":1,"k":[{"i":{"x":[0.833,0.833,0.833],"y":[0.863,0.863,-12.69]},"o":{"x":[0.333,0.333,0.333],"y":[0,0,0]},"n":["0p833_0p863_0p333_0","0p833_0p863_0p333_0","0p833_-12p69_0p333_0"],"t":0,"s":[0,0,100],"e":[100,100,100]},{"i":{"x":[0.667,0.667,0.667],"y":[1,1,1]},"o":{"x":[0.167,0.167,0.167],"y":[0.365,0.365,5.476]},"n":["0p667_1_0p167_0p365","0p667_1_0p167_0p365","0p667_1_0p167_5p476"],"t":10,"s":[100,100,100],"e":[115,115,100]},{"i":{"x":[0.667,0.667,0.667],"y":[1,1,1]},"o":{"x":[0.333,0.333,0.333],"y":[0,0,0]},"n":["0p667_1_0p333_0","0p667_1_0p333_0","0p667_1_0p333_0"],"t":14,"s":[115,115,100],"e":[100,100,100]},{"t":25}],"ix":6}},"ao":0,"shapes":[{"ty":"gr","it":[{"ind":0,"ty":"sh","ix":1,"ks":{"a":0,"k":{"i":[[0.995,-0.904],[0,0],[0.746,0],[0,0],[0,-3.866],[0,0],[-3.866,0],[0,0],[-0.552,-0.503],[0,0],[-2.006,2.207],[0,1.343],[0,0],[2.982,0]],"o":[[0,0],[-0.552,0.502],[0,0],[-3.866,0],[0,0],[0,3.866],[0,0],[0.746,0],[0,0],[2.207,2.007],[0.903,-0.995],[0,0],[0,-2.982],[-1.343,0]],"v":[[16.967,-36.589],[-6.142,-15.581],[-8.16,-14.801],[-19,-14.801],[-26,-7.801],[-26,7.199],[-19,14.199],[-8.16,14.199],[-6.142,14.98],[16.967,35.987],[24.596,35.625],[26,31.992],[26,-32.594],[20.6,-37.994]],"c":true},"ix":2},"nm":"Path 1","mn":"ADBE Vector Shape - Group","hd":false},{"ty":"fl","c":{"a":0,"k":[1,1,1,1],"ix":4},"o":{"a":0,"k":100,"ix":5},"r":1,"nm":"Fill 1","mn":"ADBE Vector Graphic - Fill","hd":false},{"ty":"tr","p":{"a":0,"k":[256,256.994],"ix":2},"a":{"a":0,"k":[0,0],"ix":1},"s":{"a":0,"k":[100,100],"ix":3},"r":{"a":0,"k":0,"ix":6},"o":{"a":0,"k":100,"ix":7},"sk":{"a":0,"k":0,"ix":4},"sa":{"a":0,"k":0,"ix":5},"nm":"Transform"}],"nm":"Group 1","np":2,"cix":2,"ix":1,"mn":"ADBE Vector Group","hd":false}],"ip":0,"op":3600,"st":0,"bm":0}],"markers":[]}