{"v":"4.5.6","fr":60,"ip":0,"op":30,"w":228,"h":228,"ddd":0,"assets":[],"layers":[{"ddd":0,"ind":1,"ty":4,"nm":"Combined Shape","ks":{"o":{"a":0,"k":100},"r":{"a":0,"k":0},"p":{"a":0,"k":[114,89.499,0]},"a":{"a":0,"k":[40,38.499,0]},"s":{"a":1,"k":[{"i":{"x":[0.667,0.667,0.667],"y":[1,1,0.667]},"o":{"x":[0.167,0.167,0.167],"y":[0.167,0.167,0.167]},"n":["0p667_1_0p167_0p167","0p667_1_0p167_0p167","0p667_0p667_0p167_0p167"],"t":0,"s":[0,0,100],"e":[110,110,100]},{"i":{"x":[0.667,0.667,0.667],"y":[1,1,0.667]},"o":{"x":[0.333,0.333,0.333],"y":[0,0,0.333]},"n":["0p667_1_0p333_0","0p667_1_0p333_0","0p667_0p667_0p333_0p333"],"t":15,"s":[110,110,100],"e":[100,100,100]},{"t":20}]}},"ao":0,"shapes":[{"ty":"gr","it":[{"ind":0,"ty":"sh","ks":{"a":0,"k":{"i":[[-3.39,0],[0,19.29],[22.09,0],[0,-19.28],[-9.1,-6.4],[2.59,-3.82],[-1.62,-0.65],[-4.27,2.3],[-1.31,-0.29]],"o":[[22.09,0],[0,-19.28],[-22.09,0],[0,11],[1.17,0.82],[-2.6,3.82],[1,0.4],[6.1,-3.28],[3.14,0.69]],"v":[[40,69.85],[80,34.92],[40,0],[0,34.92],[14.45,61.34],[14.1,70.53],[9.89,76.75],[21.07,75.05],[30.18,68.79]],"c":true}},"nm":"Path 1","mn":"ADBE Vector Shape - Group"},{"ty":"fl","c":{"a":0,"k":[1,1,1,1]},"o":{"a":0,"k":100},"nm":"Fill 1","mn":"ADBE Vector Graphic - Fill"},{"ty":"tr","p":{"a":0,"k":[0,0],"ix":2},"a":{"a":0,"k":[0,0],"ix":1},"s":{"a":0,"k":[100,100],"ix":3},"r":{"a":0,"k":0,"ix":6},"o":{"a":0,"k":100,"ix":7},"sk":{"a":0,"k":0,"ix":4},"sa":{"a":0,"k":0,"ix":5},"nm":"Transform"}],"nm":"Group 1","np":2,"mn":"ADBE Vector Group"}],"ip":0,"op":30,"st":0,"bm":0,"sr":1}]}