{"v":"5.1.2","fr":60,"ip":0,"op":3600,"w":228,"h":228,"nm":"pinchat","ddd":0,"assets":[],"layers":[{"ddd":0,"ind":1,"ty":4,"nm":"pin Outlines","sr":1,"ks":{"o":{"a":0,"k":99,"ix":11},"r":{"a":0,"k":0,"ix":10},"p":{"a":0,"k":[113.656,86.516,0],"ix":2},"a":{"a":0,"k":[256,256,0],"ix":1},"s":{"a":1,"k":[{"i":{"x":[0.833,0.833,0.833],"y":[0.872,0.872,-10.015]},"o":{"x":[0.333,0.333,0.333],"y":[0,0,0]},"n":["0p833_0p872_0p333_0","0p833_0p872_0p333_0","0p833_-10p015_0p333_0"],"t":0,"s":[0,0,100],"e":[100,100,100]},{"i":{"x":[0.667,0.667,0.667],"y":[1,1,1]},"o":{"x":[0.167,0.167,0.167],"y":[0.426,0.426,5.508]},"n":["0p667_1_0p167_0p426","0p667_1_0p167_0p426","0p667_1_0p167_5p508"],"t":10,"s":[100,100,100],"e":[115,115,100]},{"i":{"x":[0.667,0.667,0.667],"y":[1,1,1]},"o":{"x":[0.333,0.333,0.333],"y":[0,0,0]},"n":["0p667_1_0p333_0","0p667_1_0p333_0","0p667_1_0p333_0"],"t":15,"s":[115,115,100],"e":[100,100,100]},{"t":24}],"ix":6}},"ao":0,"shapes":[{"ty":"gr","it":[{"ind":0,"ty":"sh","ix":1,"ks":{"a":0,"k":{"i":[[1.682,-2.385],[0,0],[7.227,-5.009],[0.494,-0.402],[0.078,-0.079],[-1.265,-1.266],[0,0],[-0.087,-0.07],[-1.129,1.388],[-0.211,0.297],[2.361,8.281],[0,0],[3.76,3.76],[0,0],[2.035,0]],"o":[[0,0],[-8.176,-2.331],[-0.37,0.258],[-0.086,0.07],[-1.265,1.265],[0,0],[0.079,0.078],[1.388,1.129],[0.312,-0.384],[5.172,-7.273],[0,0],[4.348,-3.067],[0,0],[-1.701,-1.701],[-2.465,0]],"v":[[10.943,-36.491],[-1.24,-19.219],[-25.643,-15.202],[-26.94,-14.213],[-27.187,-13.99],[-27.187,-9.408],[8.801,26.579],[9.049,26.802],[13.607,26.332],[14.391,25.311],[18.607,0.628],[35.879,-11.556],[36.955,-23.925],[23.313,-37.567],[17.514,-40.1]],"c":true},"ix":2},"nm":"Path 1","mn":"ADBE Vector Shape - Group","hd":false},{"ind":1,"ty":"sh","ix":2,"ks":{"a":0,"k":{"i":[[0,0],[0,0],[0,0]],"o":[[0,0],[0,0],[0,0]],"v":[[-40.714,40.1],[-7.985,15.793],[-16.406,7.372]],"c":true},"ix":2},"nm":"Path 2","mn":"ADBE Vector Shape - Group","hd":false},{"ty":"mm","mm":1,"nm":"Merge Paths 1","mn":"ADBE Vector Filter - Merge","hd":false},{"ty":"fl","c":{"a":0,"k":[1,1,1,1],"ix":4},"o":{"a":0,"k":100,"ix":5},"r":1,"nm":"Fill 1","mn":"ADBE Vector Graphic - Fill","hd":false},{"ty":"tr","p":{"a":0,"k":[256.714,257.1],"ix":2},"a":{"a":0,"k":[0,0],"ix":1},"s":{"a":0,"k":[100,100],"ix":3},"r":{"a":0,"k":0,"ix":6},"o":{"a":0,"k":100,"ix":7},"sk":{"a":0,"k":0,"ix":4},"sa":{"a":0,"k":0,"ix":5},"nm":"Transform"}],"nm":"Group 1","np":4,"cix":2,"ix":1,"mn":"ADBE Vector Group","hd":false}],"ip":0,"op":3600,"st":0,"bm":0}],"markers":[]}